RET_RR,RET_CG,RET_DCG,RET_NDCG,A_BL_BL,A_BL_PR,A_BL_BREV,A_BL_LR,A_BL_LEN,A_BL_REF_LEN,A_RG1,A_RG2,A_RGL,A_RGL_SUM,A_BERT_RAG_PR,A_BERT_RAG_RC,A_BERT_RAG_F1,A_BERT_PR,A_BERT_RC,A_BERT_F1,A_AR_PR,A_AR_RC,A_AR_F1,RET_RC_1,RET_PR_1,RET_F1_1,RET_AP_1
0.0,0,0.0,0.0,0.0,0.0887442501178421,1.0,1.4651162790697674,189,129,0.2801556420233463,0.02352941176470589,0.11673151750972763,0.19455252918287938,0.8121860027313232,0.8298782110214233,0.8209367990493774,0.8133514523506165,0.809540867805481,0.8114416599273682,0.8227449655532837,0.8935138285160065,0.8562985956668854,0.0,0.0,0.0,0.0
0.0,0,0.0,0.0,0.11036146425998361,0.11438360416270654,1.0,5.166666666666667,93,18,0.3789473684210526,0.3010752688172043,0.35789473684210527,0.35789473684210527,0.8223295211791992,0.914156436920166,0.8658150434494019,0.8309051394462585,0.8640755414962769,0.8471658229827881,0.8950868546962738,0.8554202914237976,0.8747078776359558,0.0,0.0,0.0,0.0
0.0,0,0.0,0.0,0.0,0.01283085194375517,1.0,10.4,156,15,0.04081632653061225,0.0,0.04081632653061225,0.04081632653061225,0.7831770181655884,0.8409817218780518,0.8110507726669312,0.810805082321167,0.8257740139961243,0.8182211518287659,0.904267430305481,0.8979578614234924,0.9010091125965118,0.0,0.0,0.0,0.0
