RET_RR,RET_CG,RET_DCG,RET_NDCG,A_BL_BL,A_BL_PR,A_BL_BREV,A_BL_LR,A_BL_LEN,A_BL_REF_LEN,A_RG1,A_RG2,A_RGL,A_RGL_SUM,A_BERT_RAG_PR,A_BERT_RAG_RC,A_BERT_RAG_F1,A_BERT_PR,A_BERT_RC,A_BERT_F1,A_AR_PR,A_AR_RC,A_AR_F1,RET_RC_1,RET_PR_1,RET_F1_1,RET_AP_1
0.0,0,0.0,0.0,0.0,0.06908617371107552,1.0,1.0387596899224807,134,129,0.24778761061946905,0.00892857142857143,0.14159292035398233,0.15044247787610618,0.8249977231025696,0.8198216557502747,0.8224015831947327,0.8208489418029785,0.8059278726577759,0.813319981098175,0.8015594780445099,0.8941347002983093,0.8453023135662079,0.0,0.0,0.0,0.0
0.0,0,0.0,0.0,0.16767999840060138,0.17279295772123082,1.0,3.4444444444444446,62,18,0.4657534246575342,0.39436619718309857,0.4383561643835616,0.4383561643835616,0.8773034811019897,0.9212938547134399,0.8987606763839722,0.8301827907562256,0.8663914799690247,0.8479008078575134,0.9621561765670776,0.9574083089828491,0.959771603345871,0.0,0.0,0.0,0.0
0.0,0,0.0,0.0,0.0,0.011029411764705883,1.0,4.533333333333333,68,15,0.0,0.0,0.0,0.0,0.7999010682106018,0.8193688988685608,0.8095179200172424,0.8031593561172485,0.833310604095459,0.8179571628570557,0.901943176984787,0.8923856914043427,0.8969523012638092,0.0,0.0,0.0,0.0
