RET_RR,RET_CG,RET_DCG,RET_NDCG,A_BL_BL,A_BL_PR,A_BL_BREV,A_BL_LR,A_BL_LEN,A_BL_REF_LEN,A_RG1,A_RG2,A_RGL,A_RGL_SUM,A_BERT_RAG_PR,A_BERT_RAG_RC,A_BERT_RAG_F1,A_BERT_PR,A_BERT_RC,A_BERT_F1,A_AR_PR,A_AR_RC,A_AR_F1,RET_RC_1,RET_RC_2,RET_RC_3,RET_RC_4,RET_RC_5,RET_PR_1,RET_PR_2,RET_PR_3,RET_PR_4,RET_PR_5,RET_F1_1,RET_F1_2,RET_F1_3,RET_F1_4,RET_F1_5,RET_AP_1,RET_AP_2,RET_AP_3,RET_AP_4,RET_AP_5
0.0,0,0.0,0.0,0.03155166282289639,0.06969184115890635,1.0,1.1705426356589148,151,129,0.23430962343096232,0.03375527426160337,0.13389121338912133,0.13389121338912133,0.8120671510696411,0.797767162322998,0.804853618144989,0.8215965032577515,0.8055583238601685,0.8134983777999878,0.8505921363830566,0.9335590600967407,0.8901464939117432,0.0,0.0,0.0,0.0,0.0,0.0,0.0,0.0,0.0,0.0,0.0,0.0,0.0,0.0,0.0,0.0,0.0,0.0,0.0,0.0
0.0,0,0.0,0.0,0.14079292241300545,0.14484868146074514,1.0,4.0,72,18,0.4146341463414634,0.32499999999999996,0.3902439024390244,0.3902439024390244,0.8433622121810913,0.9141997694969177,0.8773534893989563,0.8321768045425415,0.8616820573806763,0.8466724753379822,0.9465620219707489,0.9464516937732697,0.9464562237262726,0.0,0.0,0.0,0.0,0.0,0.0,0.0,0.0,0.0,0.0,0.0,0.0,0.0,0.0,0.0,0.0,0.0,0.0,0.0,0.0
0.0,0,0.0,0.0,0.0,0.035820030331720314,1.0,6.533333333333333,98,15,0.13999999999999999,0.020408163265306124,0.09999999999999999,0.09999999999999999,0.8107062578201294,0.8560662865638733,0.8327690362930298,0.7971653938293457,0.8306900262832642,0.8135825395584106,0.8838933408260345,0.8986702859401703,0.8912190496921539,0.0,0.0,0.0,0.0,0.0,0.0,0.0,0.0,0.0,0.0,0.0,0.0,0.0,0.0,0.0,0.0,0.0,0.0,0.0,0.0
