RET_RR,RET_CG,RET_DCG,RET_NDCG,A_BL_BL,A_BL_PR,A_BL_BREV,A_BL_LR,A_BL_LEN,A_BL_REF_LEN,A_RG1,A_RG2,A_RGL,A_RGL_SUM,A_BERT_RAG_PR,A_BERT_RAG_RC,A_BERT_RAG_F1,A_BERT_PR,A_BERT_RC,A_BERT_F1,A_AR_PR,A_AR_RC,A_AR_F1,RET_RC_1,RET_RC_2,RET_RC_3,RET_RC_4,RET_RC_5,RET_RC_6,RET_RC_7,RET_RC_8,RET_RC_9,RET_RC_10,RET_PR_1,RET_PR_2,RET_PR_3,RET_PR_4,RET_PR_5,RET_PR_6,RET_PR_7,RET_PR_8,RET_PR_9,RET_PR_10,RET_F1_1,RET_F1_2,RET_F1_3,RET_F1_4,RET_F1_5,RET_F1_6,RET_F1_7,RET_F1_8,RET_F1_9,RET_F1_10,RET_AP_1,RET_AP_2,RET_AP_3,RET_AP_4,RET_AP_5,RET_AP_6,RET_AP_7,RET_AP_8,RET_AP_9,RET_AP_10
0.0,0,0.0,0.0,0.020592230649484504,0.11984136215487022,0.37358288503334575,0.5038759689922481,65,129,0.22222222222222224,0.05,0.09876543209876544,0.11111111111111112,0.8315362930297852,0.7966927289962769,0.8137416839599609,0.8127545118331909,0.8134198188781738,0.8130870461463928,0.8523340821266174,0.9491607546806335,0.8981452584266663,0.0,0.0,0.0,0.0,0.0,0.0,0.0,0.0,0.0,0.0,0.0,0.0,0.0,0.0,0.0,0.0,0.0,0.0,0.0,0.0,0.0,0.0,0.0,0.0,0.0,0.0,0.0,0.0,0.0,0.0,0.0,0.0,0.0,0.0,0.0,0.0,0.0,0.0,0.0,0.0
0.0,0,0.0,0.0,0.03961407650333526,0.04121783288340277,1.0,14.555555555555555,262,18,0.13186813186813187,0.1033210332103321,0.12454212454212453,0.12454212454212453,0.8098870515823364,0.8882013559341431,0.847238302230835,0.8350319862365723,0.8594697713851929,0.8470746278762817,0.9303507804870605,0.9124931991100311,0.9213342070579529,0.0,0.0,0.0,0.0,0.0,0.0,0.0,0.0,0.0,0.0,0.0,0.0,0.0,0.0,0.0,0.0,0.0,0.0,0.0,0.0,0.0,0.0,0.0,0.0,0.0,0.0,0.0,0.0,0.0,0.0,0.0,0.0,0.0,0.0,0.0,0.0,0.0,0.0,0.0,0.0
0.0,0,0.0,0.0,0.0,0.01092825005919962,1.0,13.733333333333333,206,15,0.041884816753926704,0.0,0.041884816753926704,0.031413612565445025,0.7849904894828796,0.8290202021598816,0.8064048290252686,0.8058359622955322,0.8290430307388306,0.817274808883667,0.8954853117465973,0.9126401543617249,0.9039527475833893,0.0,0.0,0.0,0.0,0.0,0.0,0.0,0.0,0.0,0.0,0.0,0.0,0.0,0.0,0.0,0.0,0.0,0.0,0.0,0.0,0.0,0.0,0.0,0.0,0.0,0.0,0.0,0.0,0.0,0.0,0.0,0.0,0.0,0.0,0.0,0.0,0.0,0.0,0.0,0.0
