RET_RR,RET_CG,RET_DCG,RET_NDCG,A_BL_BL,A_BL_PR,A_BL_BREV,A_BL_LR,A_BL_LEN,A_BL_REF_LEN,A_RG1,A_RG2,A_RGL,A_RGL_SUM,A_BERT_RAG_PR,A_BERT_RAG_RC,A_BERT_RAG_F1,A_BERT_PR,A_BERT_RC,A_BERT_F1,A_AR_PR,A_AR_RC,A_AR_F1,RET_RC_1,RET_RC_2,RET_RC_3,RET_RC_4,RET_RC_5,RET_PR_1,RET_PR_2,RET_PR_3,RET_PR_4,RET_PR_5,RET_F1_1,RET_F1_2,RET_F1_3,RET_F1_4,RET_F1_5,RET_AP_1,RET_AP_2,RET_AP_3,RET_AP_4,RET_AP_5
0.0,0,0.0,0.0,0.02890990238653373,0.07478718339896044,1.0,1.1162790697674418,144,129,0.25423728813559315,0.042735042735042736,0.09322033898305085,0.09322033898305085,0.8466966152191162,0.8306496739387512,0.8385964632034302,0.830665647983551,0.7968398928642273,0.8134012818336487,0.8354345560073853,0.9117796421051025,0.8719391226768494,0.0,0.0,0.0,0.0,0.0,0.0,0.0,0.0,0.0,0.0,0.0,0.0,0.0,0.0,0.0,0.0,0.0,0.0,0.0,0.0
0.0,0,0.0,0.0,0.1391144312891534,0.13953051474118888,1.0,5.055555555555555,91,18,0.3148148148148148,0.2830188679245283,0.3148148148148148,0.3148148148148148,0.8476351499557495,0.9178503751754761,0.8813465237617493,0.8195772171020508,0.8239424228668213,0.8217540383338928,0.9309949278831482,0.897747278213501,0.9140503108501434,0.0,0.0,0.0,0.0,0.0,0.0,0.0,0.0,0.0,0.0,0.0,0.0,0.0,0.0,0.0,0.0,0.0,0.0,0.0,0.0
0.0,0,0.0,0.0,0.0,0.05353839037927845,1.0,3.1333333333333333,47,15,0.23076923076923073,0.12,0.23076923076923073,0.23076923076923073,0.8052030205726624,0.8766634464263916,0.8394150733947754,0.8106188178062439,0.8265218734741211,0.8184930682182312,0.9273494482040405,0.8816537857055664,0.9039244651794434,0.0,0.0,0.0,0.0,0.0,0.0,0.0,0.0,0.0,0.0,0.0,0.0,0.0,0.0,0.0,0.0,0.0,0.0,0.0,0.0
