RET_RR,RET_CG,RET_DCG,RET_NDCG,A_BL_BL,A_BL_PR,A_BL_BREV,A_BL_LR,A_BL_LEN,A_BL_REF_LEN,A_RG1,A_RG2,A_RGL,A_RGL_SUM,A_BERT_RAG_PR,A_BERT_RAG_RC,A_BERT_RAG_F1,A_BERT_PR,A_BERT_RC,A_BERT_F1,A_AR_PR,A_AR_RC,A_AR_F1,RET_RC_1,RET_RC_2,RET_RC_3,RET_RC_4,RET_RC_5,RET_PR_1,RET_PR_2,RET_PR_3,RET_PR_4,RET_PR_5,RET_F1_1,RET_F1_2,RET_F1_3,RET_F1_4,RET_F1_5,RET_AP_1,RET_AP_2,RET_AP_3,RET_AP_4,RET_AP_5
0.0,0,0.0,0.0,0.0,0.04939671197862205,1.0,1.178294573643411,152,129,0.1702127659574468,0.01716738197424893,0.1021276595744681,0.1021276595744681,0.7972818613052368,0.778466522693634,0.7877618670463562,0.8069698214530945,0.816458523273468,0.8116864562034607,0.7631579637527466,0.8458272218704224,0.8023688197135925,0.0,0.0,0.0,0.0,0.0,0.0,0.0,0.0,0.0,0.0,0.0,0.0,0.0,0.0,0.0,0.0,0.0,0.0,0.0,0.0
0.0,0,0.0,0.0,0.16733051794426473,0.18898977039220943,1.0,2.3333333333333335,42,18,0.5517241379310346,0.3928571428571429,0.5172413793103448,0.5172413793103448,0.8945039510726929,0.9324049949645996,0.9130613207817078,0.8535158038139343,0.8787984848022461,0.8659725785255432,0.9452114105224609,0.8783464431762695,0.9105530381202698,0.0,0.0,0.0,0.0,0.0,0.0,0.0,0.0,0.0,0.0,0.0,0.0,0.0,0.0,0.0,0.0,0.0,0.0,0.0,0.0
0.0,0,0.0,0.0,0.0,0.02176899187768753,1.0,6.133333333333334,92,15,0.10416666666666667,0.02127659574468085,0.08333333333333333,0.08333333333333333,0.8015462160110474,0.8625375032424927,0.8309241533279419,0.7789285182952881,0.8241156935691833,0.8008852601051331,0.9077149927616119,0.8983411490917206,0.9029180407524109,0.0,0.0,0.0,0.0,0.0,0.0,0.0,0.0,0.0,0.0,0.0,0.0,0.0,0.0,0.0,0.0,0.0,0.0,0.0,0.0
