RET_RR,RET_CG,RET_DCG,RET_NDCG,A_BL_BL,A_BL_PR,A_BL_BREV,A_BL_LR,A_BL_LEN,A_BL_REF_LEN,A_RG1,A_RG2,A_RGL,A_RGL_SUM,A_BERT_RAG_PR,A_BERT_RAG_RC,A_BERT_RAG_F1,A_BERT_PR,A_BERT_RC,A_BERT_F1,A_AR_PR,A_AR_RC,A_AR_F1,RET_RC_1,RET_RC_2,RET_RC_3,RET_RC_4,RET_RC_5,RET_PR_1,RET_PR_2,RET_PR_3,RET_PR_4,RET_PR_5,RET_F1_1,RET_F1_2,RET_F1_3,RET_F1_4,RET_F1_5,RET_AP_1,RET_AP_2,RET_AP_3,RET_AP_4,RET_AP_5
0.0,0,0.0,0.0,0.0,0.05871913580246913,0.5528920012788026,0.627906976744186,81,129,0.16,0.011560693641618497,0.09142857142857143,0.09142857142857143,0.8245521783828735,0.7772409915924072,0.8001978993415833,0.8083709478378296,0.8341230154037476,0.8210451006889343,0.773240476846695,0.8586783707141876,0.8136531412601471,0.0,0.0,0.0,0.0,0.0,0.0,0.0,0.0,0.0,0.0,0.0,0.0,0.0,0.0,0.0,0.0,0.0,0.0,0.0,0.0
0.0,0,0.0,0.0,0.0629678380494723,0.07814277499726613,1.0,4.666666666666667,84,18,0.33333333333333337,0.18181818181818182,0.28888888888888886,0.28888888888888886,0.8341877460479736,0.92155522108078,0.8756977319717407,0.8517911434173584,0.8722435235977173,0.8618960380554199,0.9595896005630493,0.9730206727981567,0.9662584662437439,0.0,0.0,0.0,0.0,0.0,0.0,0.0,0.0,0.0,0.0,0.0,0.0,0.0,0.0,0.0,0.0,0.0,0.0,0.0,0.0
0.0,0,0.0,0.0,0.0,0.026488984316654217,1.0,6.933333333333334,104,15,0.12244897959183672,0.041666666666666664,0.10204081632653061,0.10204081632653061,0.7824598550796509,0.8677856922149658,0.8229168653488159,0.7828984260559082,0.8280540108680725,0.8048433661460876,0.9355182647705078,0.8691585063934326,0.901118278503418,0.0,0.0,0.0,0.0,0.0,0.0,0.0,0.0,0.0,0.0,0.0,0.0,0.0,0.0,0.0,0.0,0.0,0.0,0.0,0.0
