RET_RR,RET_CG,RET_DCG,RET_NDCG,A_BL_BL,A_BL_PR,A_BL_BREV,A_BL_LR,A_BL_LEN,A_BL_REF_LEN,A_RG1,A_RG2,A_RGL,A_RGL_SUM,A_BERT_RAG_PR,A_BERT_RAG_RC,A_BERT_RAG_F1,A_BERT_PR,A_BERT_RC,A_BERT_F1,A_AR_PR,A_AR_RC,A_AR_F1,RET_RC_1,RET_RC_2,RET_RC_3,RET_RC_4,RET_RC_5,RET_PR_1,RET_PR_2,RET_PR_3,RET_PR_4,RET_PR_5,RET_F1_1,RET_F1_2,RET_F1_3,RET_F1_4,RET_F1_5,RET_AP_1,RET_AP_2,RET_AP_3,RET_AP_4,RET_AP_5
0.0,0,0.0,0.0,0.0,0.07881468797564688,0.46434694137789806,0.5658914728682171,73,129,0.18713450292397663,0.02366863905325444,0.14035087719298245,0.14035087719298245,0.8346738219261169,0.797761082649231,0.8158001899719238,0.8461673259735107,0.8097652196884155,0.8275661468505859,0.8259303569793701,0.8976503610610962,0.8602981567382812,0.0,0.0,0.0,0.0,0.0,0.0,0.0,0.0,0.0,0.0,0.0,0.0,0.0,0.0,0.0,0.0,0.0,0.0,0.0,0.0
0.0,0,0.0,0.0,0.4055105980173464,0.41445234113712376,1.0,1.4444444444444444,26,18,0.7906976744186047,0.6341463414634146,0.7441860465116279,0.7441860465116279,0.9197055697441101,0.9382962584495544,0.9289078712463379,0.836273193359375,0.873188853263855,0.854332447052002,0.9460337162017822,0.8790461421012878,0.9113105535507202,0.0,0.0,0.0,0.0,0.0,0.0,0.0,0.0,0.0,0.0,0.0,0.0,0.0,0.0,0.0,0.0,0.0,0.0,0.0,0.0
0.0,0,0.0,0.0,0.0,0.029069767441860465,1.0,2.8666666666666667,43,15,0.12000000000000001,0.0,0.08,0.08,0.82035231590271,0.8389059901237488,0.829525351524353,0.7753171920776367,0.8108922243118286,0.7927058339118958,0.9406140446662903,0.9551901817321777,0.9478460550308228,0.0,0.0,0.0,0.0,0.0,0.0,0.0,0.0,0.0,0.0,0.0,0.0,0.0,0.0,0.0,0.0,0.0,0.0,0.0,0.0
