RET_RR,RET_CG,RET_DCG,RET_NDCG,A_BL_BL,A_BL_PR,A_BL_BREV,A_BL_LR,A_BL_LEN,A_BL_REF_LEN,A_RG1,A_RG2,A_RGL,A_RGL_SUM,A_BERT_RAG_PR,A_BERT_RAG_RC,A_BERT_RAG_F1,A_BERT_PR,A_BERT_RC,A_BERT_F1,A_AR_PR,A_AR_RC,A_AR_F1,RET_RC_1,RET_RC_2,RET_RC_3,RET_RC_4,RET_RC_5,RET_PR_1,RET_PR_2,RET_PR_3,RET_PR_4,RET_PR_5,RET_F1_1,RET_F1_2,RET_F1_3,RET_F1_4,RET_F1_5,RET_AP_1,RET_AP_2,RET_AP_3,RET_AP_4,RET_AP_5
0.0,0,0.0,0.0,0.0,0.09149377634693082,1.0,1.5271317829457365,197,129,0.37037037037037035,0.0746268656716418,0.14074074074074075,0.2444444444444445,0.8362212181091309,0.8576145172119141,0.8467827439308167,0.8461970090866089,0.8391949534416199,0.8426814675331116,0.8350036144256592,0.8836632966995239,0.8586446046829224,0.0,0.0,0.0,0.0,0.0,0.0,0.0,0.0,0.0,0.0,0.0,0.0,0.0,0.0,0.0,0.0,0.0,0.0,0.0,0.0
0.0,0,0.0,0.0,0.12644152233601264,0.13013355315570507,1.0,4.444444444444445,80,18,0.3617021276595745,0.2826086956521739,0.3404255319148936,0.3404255319148936,0.8674942255020142,0.926811933517456,0.8961725831031799,0.8535908460617065,0.8846334218978882,0.868834912776947,0.9624766707420349,0.9762036204338074,0.9692915678024292,0.0,0.0,0.0,0.0,0.0,0.0,0.0,0.0,0.0,0.0,0.0,0.0,0.0,0.0,0.0,0.0,0.0,0.0,0.0,0.0
0.0,0,0.0,0.0,0.0,0.02564102564102564,1.0,5.2,78,15,0.1,0.02564102564102564,0.07500000000000001,0.07500000000000001,0.8042024970054626,0.8504925966262817,0.8267000913619995,0.7940740585327148,0.8254161477088928,0.8094418048858643,0.8801091909408569,0.8949193358421326,0.8874525427818298,0.0,0.0,0.0,0.0,0.0,0.0,0.0,0.0,0.0,0.0,0.0,0.0,0.0,0.0,0.0,0.0,0.0,0.0,0.0,0.0
