RET_RR,RET_CG,RET_DCG,RET_NDCG,A_BL_BL,A_BL_PR,A_BL_BREV,A_BL_LR,A_BL_LEN,A_BL_REF_LEN,A_RG1,A_RG2,A_RGL,A_RGL_SUM,A_BERT_RAG_PR,A_BERT_RAG_RC,A_BERT_RAG_F1,A_BERT_PR,A_BERT_RC,A_BERT_F1,A_AR_PR,A_AR_RC,A_AR_F1,RET_RC_1,RET_RC_2,RET_RC_3,RET_RC_4,RET_RC_5,RET_PR_1,RET_PR_2,RET_PR_3,RET_PR_4,RET_PR_5,RET_F1_1,RET_F1_2,RET_F1_3,RET_F1_4,RET_F1_5,RET_AP_1,RET_AP_2,RET_AP_3,RET_AP_4,RET_AP_5
0.0,0,0.0,0.0,0.0,0.039000290613193836,1.0,1.441860465116279,186,129,0.12927756653992398,0.015325670498084296,0.06844106463878327,0.08365019011406845,0.7878649234771729,0.7756322026252747,0.7817007303237915,0.8185527324676514,0.7908516526222229,0.804463803768158,0.7750999927520752,0.8576417565345764,0.8142575025558472,0.0,0.0,0.0,0.0,0.0,0.0,0.0,0.0,0.0,0.0,0.0,0.0,0.0,0.0,0.0,0.0,0.0,0.0,0.0,0.0
0.0,0,0.0,0.0,0.06835035721550349,0.0712433168561421,1.0,6.888888888888889,124,18,0.22556390977443608,0.15267175572519084,0.2105263157894737,0.22556390977443608,0.8234373331069946,0.9196425080299377,0.8688849806785583,0.8186885118484497,0.8611302375793457,0.8393731713294983,0.9461079835891724,0.9233188629150391,0.934574544429779,0.0,0.0,0.0,0.0,0.0,0.0,0.0,0.0,0.0,0.0,0.0,0.0,0.0,0.0,0.0,0.0,0.0,0.0,0.0,0.0
0.0,0,0.0,0.0,0.0,0.018557098765432097,1.0,5.4,81,15,0.04878048780487806,0.024999999999999998,0.04878048780487806,0.04878048780487806,0.7987233400344849,0.8468952178955078,0.8221042156219482,0.7619121074676514,0.8002716898918152,0.7806208729743958,0.9187741279602051,0.8837599158287048,0.9009268879890442,0.0,0.0,0.0,0.0,0.0,0.0,0.0,0.0,0.0,0.0,0.0,0.0,0.0,0.0,0.0,0.0,0.0,0.0,0.0,0.0
