RET_RR,RET_CG,RET_DCG,RET_NDCG,A_BL_BL,A_BL_PR,A_BL_BREV,A_BL_LR,A_BL_LEN,A_BL_REF_LEN,A_RG1,A_RG2,A_RGL,A_RGL_SUM,A_BERT_RAG_PR,A_BERT_RAG_RC,A_BERT_RAG_F1,A_BERT_PR,A_BERT_RC,A_BERT_F1,A_AR_PR,A_AR_RC,A_AR_F1,RET_RC_1,RET_RC_2,RET_RC_3,RET_RC_4,RET_RC_5,RET_PR_1,RET_PR_2,RET_PR_3,RET_PR_4,RET_PR_5,RET_F1_1,RET_F1_2,RET_F1_3,RET_F1_4,RET_F1_5,RET_AP_1,RET_AP_2,RET_AP_3,RET_AP_4,RET_AP_5
0.0,0,0.0,0.0,0.0,0.08132911392405064,0.5419941884591871,0.6201550387596899,80,129,0.23728813559322035,0.011428571428571429,0.11299435028248588,0.11299435028248588,0.8355606198310852,0.7970657348632812,0.8158593773841858,0.8442097306251526,0.8444411158561707,0.8443253636360168,0.8244472146034241,0.9275997877120972,0.8729868531227112,0.0,0.0,0.0,0.0,0.0,0.0,0.0,0.0,0.0,0.0,0.0,0.0,0.0,0.0,0.0,0.0,0.0,0.0,0.0,0.0
0.0,0,0.0,0.0,0.22822834633157987,0.23427002583979328,1.0,2.5,45,18,0.5396825396825397,0.42622950819672134,0.5079365079365079,0.5079365079365079,0.8995079398155212,0.9305958151817322,0.9147878289222717,0.8575700521469116,0.866580605506897,0.862051784992218,0.9624766707420349,0.9762036204338074,0.9692915678024292,0.0,0.0,0.0,0.0,0.0,0.0,0.0,0.0,0.0,0.0,0.0,0.0,0.0,0.0,0.0,0.0,0.0,0.0,0.0,0.0
0.0,0,0.0,0.0,0.0,0.055934343434343434,1.0,3.0,45,15,0.24000000000000002,0.125,0.24000000000000002,0.24000000000000002,0.8025939464569092,0.8757976293563843,0.8375993967056274,0.8064121007919312,0.8323836326599121,0.819192111492157,0.9528983235359192,0.9684350490570068,0.9606038928031921,0.0,0.0,0.0,0.0,0.0,0.0,0.0,0.0,0.0,0.0,0.0,0.0,0.0,0.0,0.0,0.0,0.0,0.0,0.0,0.0
