RET_RR,RET_CG,RET_DCG,RET_NDCG,A_BL_BL,A_BL_PR,A_BL_BREV,A_BL_LR,A_BL_LEN,A_BL_REF_LEN,A_RG1,A_RG2,A_RGL,A_RGL_SUM,A_BERT_RAG_PR,A_BERT_RAG_RC,A_BERT_RAG_F1,A_BERT_PR,A_BERT_RC,A_BERT_F1,A_AR_PR,A_AR_RC,A_AR_F1,RET_RC_1,RET_RC_2,RET_RC_3,RET_RC_4,RET_RC_5,RET_PR_1,RET_PR_2,RET_PR_3,RET_PR_4,RET_PR_5,RET_F1_1,RET_F1_2,RET_F1_3,RET_F1_4,RET_F1_5,RET_AP_1,RET_AP_2,RET_AP_3,RET_AP_4,RET_AP_5
0.0,0,0.0,0.0,0.0,0.06359649122807018,0.876710058453612,0.8837209302325582,114,129,0.18000000000000002,0.0101010101010101,0.11,0.11,0.8128761053085327,0.7960444688796997,0.804372251033783,0.8217419385910034,0.7921487092971802,0.8066739439964294,0.8342974483966827,0.9091246724128723,0.8701024353504181,0.0,0.0,0.0,0.0,0.0,0.0,0.0,0.0,0.0,0.0,0.0,0.0,0.0,0.0,0.0,0.0,0.0,0.0,0.0,0.0
0.0,0,0.0,0.0,0.1606589139947839,0.16111571362237587,1.0,4.388888888888889,79,18,0.35416666666666674,0.3191489361702128,0.35416666666666674,0.35416666666666674,0.861664891242981,0.9214075803756714,0.8905353546142578,0.8235458731651306,0.8227857351303101,0.8231656551361084,0.9535282254219055,0.929293155670166,0.941254734992981,0.0,0.0,0.0,0.0,0.0,0.0,0.0,0.0,0.0,0.0,0.0,0.0,0.0,0.0,0.0,0.0,0.0,0.0,0.0,0.0
0.0,0,0.0,0.0,0.0,0.055934343434343434,1.0,3.0,45,15,0.24000000000000002,0.125,0.24000000000000002,0.24000000000000002,0.8025939464569092,0.8757976293563843,0.8375993967056274,0.7971373796463013,0.8283506631851196,0.8124443292617798,0.9463376998901367,0.9555758237838745,0.9509342908859253,0.0,0.0,0.0,0.0,0.0,0.0,0.0,0.0,0.0,0.0,0.0,0.0,0.0,0.0,0.0,0.0,0.0,0.0,0.0,0.0
