RET_RR,RET_CG,RET_DCG,RET_NDCG,A_BL_BL,A_BL_PR,A_BL_BREV,A_BL_LR,A_BL_LEN,A_BL_REF_LEN,A_RG1,A_RG2,A_RGL,A_RGL_SUM,A_BERT_RAG_PR,A_BERT_RAG_RC,A_BERT_RAG_F1,A_BERT_PR,A_BERT_RC,A_BERT_F1,A_AR_PR,A_AR_RC,A_AR_F1,RET_RC_1,RET_RC_2,RET_RC_3,RET_RC_4,RET_RC_5,RET_RC_6,RET_RC_7,RET_RC_8,RET_RC_9,RET_RC_10,RET_PR_1,RET_PR_2,RET_PR_3,RET_PR_4,RET_PR_5,RET_PR_6,RET_PR_7,RET_PR_8,RET_PR_9,RET_PR_10,RET_F1_1,RET_F1_2,RET_F1_3,RET_F1_4,RET_F1_5,RET_F1_6,RET_F1_7,RET_F1_8,RET_F1_9,RET_F1_10,RET_AP_1,RET_AP_2,RET_AP_3,RET_AP_4,RET_AP_5,RET_AP_6,RET_AP_7,RET_AP_8,RET_AP_9,RET_AP_10
0.0,0,0.0,0.0,0.027278488117042938,0.03938408340328747,1.0,6.992248062015504,902,129,0.14109742441209408,0.035914702581369244,0.0761478163493841,0.10750279955207166,0.7893711924552917,0.8437118530273438,0.8156374096870422,0.8165820837020874,0.8220598697662354,0.8193118572235107,0.7965768575668335,0.9358952641487122,0.8606342673301697,0.0,0.0,0.0,0.0,0.0,0.0,0.0,0.0,0.0,0.0,0.0,0.0,0.0,0.0,0.0,0.0,0.0,0.0,0.0,0.0,0.0,0.0,0.0,0.0,0.0,0.0,0.0,0.0,0.0,0.0,0.0,0.0,0.0,0.0,0.0,0.0,0.0,0.0,0.0,0.0
0.0,0,0.0,0.0,0.0,0.007861635220125786,1.0,8.833333333333334,159,18,0.0909090909090909,0.013157894736842106,0.07792207792207792,0.07792207792207792,0.814613938331604,0.8266444802284241,0.8205850720405579,0.8138052821159363,0.8624417781829834,0.8374179005622864,0.8941789865493774,0.8627125024795532,0.8781366944313049,0.0,0.0,0.0,0.0,0.0,0.0,0.0,0.0,0.0,0.0,0.0,0.0,0.0,0.0,0.0,0.0,0.0,0.0,0.0,0.0,0.0,0.0,0.0,0.0,0.0,0.0,0.0,0.0,0.0,0.0,0.0,0.0,0.0,0.0,0.0,0.0,0.0,0.0,0.0,0.0
0.0,0,0.0,0.0,0.0,0.005639097744360902,1.0,17.733333333333334,266,15,0.023529411764705882,0.0,0.01568627450980392,0.023529411764705882,0.7666491270065308,0.8200670480728149,0.7924589514732361,0.7691651582717896,0.8117575645446777,0.7898876070976257,0.8789225220680237,0.8885416984558105,0.8837059736251831,0.0,0.0,0.0,0.0,0.0,0.0,0.0,0.0,0.0,0.0,0.0,0.0,0.0,0.0,0.0,0.0,0.0,0.0,0.0,0.0,0.0,0.0,0.0,0.0,0.0,0.0,0.0,0.0,0.0,0.0,0.0,0.0,0.0,0.0,0.0,0.0,0.0,0.0,0.0,0.0
