RET_RR,RET_CG,RET_DCG,RET_NDCG,A_BL_BL,A_BL_PR,A_BL_BREV,A_BL_LR,A_BL_LEN,A_BL_REF_LEN,A_RG1,A_RG2,A_RGL,A_RGL_SUM,A_BERT_RAG_PR,A_BERT_RAG_RC,A_BERT_RAG_F1,A_BERT_PR,A_BERT_RC,A_BERT_F1,A_AR_PR,A_AR_RC,A_AR_F1,RET_RC_1,RET_RC_2,RET_RC_3,RET_RC_4,RET_RC_5,RET_PR_1,RET_PR_2,RET_PR_3,RET_PR_4,RET_PR_5,RET_F1_1,RET_F1_2,RET_F1_3,RET_F1_4,RET_F1_5,RET_AP_1,RET_AP_2,RET_AP_3,RET_AP_4,RET_AP_5
0.0,0,0.0,0.0,0.0,0.07783187445658842,1.0,1.62015503875969,209,129,0.28679245283018867,0.04562737642585551,0.14339622641509434,0.19622641509433963,0.8048124313354492,0.8188533186912537,0.8117721676826477,0.8219037055969238,0.8029531836509705,0.8123179078102112,0.8402425646781921,0.9261817038059235,0.8810864090919495,0.0,0.0,0.0,0.0,0.0,0.0,0.0,0.0,0.0,0.0,0.0,0.0,0.0,0.0,0.0,0.0,0.0,0.0,0.0,0.0
0.0,0,0.0,0.0,0.04877052813831351,0.05030067306756826,1.0,11.38888888888889,205,18,0.16267942583732056,0.12560386473429952,0.15311004784688995,0.15311004784688995,0.8108657598495483,0.9005947113037109,0.8533780574798584,0.8387979865074158,0.8845323920249939,0.8610583543777466,0.9017020165920258,0.9023946523666382,0.9020046293735504,0.0,0.0,0.0,0.0,0.0,0.0,0.0,0.0,0.0,0.0,0.0,0.0,0.0,0.0,0.0,0.0,0.0,0.0,0.0,0.0
0.0,0,0.0,0.0,0.0,0.011160714285714286,1.0,7.466666666666667,112,15,0.034188034188034185,0.0,0.034188034188034185,0.034188034188034185,0.8040820360183716,0.8272935748100281,0.8155227303504944,0.798210620880127,0.8222516775131226,0.8100528717041016,0.940983772277832,0.9603743553161621,0.9505801796913147,0.0,0.0,0.0,0.0,0.0,0.0,0.0,0.0,0.0,0.0,0.0,0.0,0.0,0.0,0.0,0.0,0.0,0.0,0.0,0.0
