RET_RR,RET_CG,RET_DCG,RET_NDCG,A_BL_BL,A_BL_PR,A_BL_BREV,A_BL_LR,A_BL_LEN,A_BL_REF_LEN,A_RG1,A_RG2,A_RGL,A_RGL_SUM,A_BERT_RAG_PR,A_BERT_RAG_RC,A_BERT_RAG_F1,A_BERT_PR,A_BERT_RC,A_BERT_F1,A_AR_PR,A_AR_RC,A_AR_F1,RET_RC_1,RET_PR_1,RET_F1_1,RET_AP_1
0.0,0,0.0,0.0,0.0,0.08632717917675545,1.0,1.372093023255814,177,129,0.2583333333333333,0.025210084033613446,0.15833333333333335,0.16666666666666666,0.8123234510421753,0.8145918846130371,0.813456118106842,0.8087252974510193,0.803455650806427,0.8060818314552307,0.8012802600860596,0.8976961374282837,0.8466634452342987,0.0,0.0,0.0,0.0
0.0,0,0.0,0.0,0.16968317810219313,0.1744383606590995,1.0,3.3333333333333335,60,18,0.45333333333333325,0.35616438356164387,0.4266666666666667,0.4266666666666667,0.8786539435386658,0.9191973805427551,0.8984684944152832,0.8358609676361084,0.8631670475006104,0.8492946028709412,0.9560844004154205,0.9574264585971832,0.9567150175571442,0.0,0.0,0.0,0.0
0.0,0,0.0,0.0,0.0,0.008865248226950355,1.0,9.4,141,15,0.014814814814814815,0.0,0.014814814814814815,0.014814814814814815,0.7851155400276184,0.828016459941864,0.805995523929596,0.8107365965843201,0.8288185000419617,0.8196778297424316,0.8757714033126831,0.8767015933990479,0.8762182593345642,0.0,0.0,0.0,0.0
