RET_RR,RET_CG,RET_DCG,RET_NDCG,A_BL_BL,A_BL_PR,A_BL_BREV,A_BL_LR,A_BL_LEN,A_BL_REF_LEN,A_RG1,A_RG2,A_RGL,A_RGL_SUM,A_BERT_RAG_PR,A_BERT_RAG_RC,A_BERT_RAG_F1,A_BERT_PR,A_BERT_RC,A_BERT_F1,A_AR_PR,A_AR_RC,A_AR_F1,RET_RC_1,RET_RC_2,RET_RC_3,RET_RC_4,RET_RC_5,RET_RC_6,RET_RC_7,RET_RC_8,RET_RC_9,RET_RC_10,RET_PR_1,RET_PR_2,RET_PR_3,RET_PR_4,RET_PR_5,RET_PR_6,RET_PR_7,RET_PR_8,RET_PR_9,RET_PR_10,RET_F1_1,RET_F1_2,RET_F1_3,RET_F1_4,RET_F1_5,RET_F1_6,RET_F1_7,RET_F1_8,RET_F1_9,RET_F1_10,RET_AP_1,RET_AP_2,RET_AP_3,RET_AP_4,RET_AP_5,RET_AP_6,RET_AP_7,RET_AP_8,RET_AP_9,RET_AP_10
0.0,0,0.0,0.0,0.0,0.0446000656520526,1.0,2.0,258,129,0.23054755043227668,0.02898550724637681,0.11527377521613834,0.1440922190201729,0.8207878470420837,0.8207535743713379,0.8207706809043884,0.8031855821609497,0.8031725287437439,0.8031790852546692,0.8048414885997772,0.8956792056560516,0.8477059900760651,0.0,0.0,0.0,0.0,0.0,0.0,0.0,0.0,0.0,0.0,0.0,0.0,0.0,0.0,0.0,0.0,0.0,0.0,0.0,0.0,0.0,0.0,0.0,0.0,0.0,0.0,0.0,0.0,0.0,0.0,0.0,0.0,0.0,0.0,0.0,0.0,0.0,0.0,0.0,0.0
0.0,0,0.0,0.0,0.021536728291606667,0.029095038756151638,1.0,9.11111111111111,164,18,0.16455696202531644,0.08974358974358974,0.1518987341772152,0.1518987341772152,0.8359255790710449,0.8860934972763062,0.8602787852287292,0.8386900424957275,0.8683547377586365,0.8532646298408508,0.9317197501659393,0.95070019364357,0.941105306148529,0.0,0.0,0.0,0.0,0.0,0.0,0.0,0.0,0.0,0.0,0.0,0.0,0.0,0.0,0.0,0.0,0.0,0.0,0.0,0.0,0.0,0.0,0.0,0.0,0.0,0.0,0.0,0.0,0.0,0.0,0.0,0.0,0.0,0.0,0.0,0.0,0.0,0.0,0.0,0.0
0.0,0,0.0,0.0,0.0,0.016244376538494185,1.0,10.266666666666667,154,15,0.06711409395973154,0.013605442176870748,0.053691275167785234,0.053691275167785234,0.7929648160934448,0.8344494700431824,0.8131784200668335,0.8033324480056763,0.8326376676559448,0.8177226185798645,0.900447279214859,0.9082891047000885,0.9043442904949188,0.0,0.0,0.0,0.0,0.0,0.0,0.0,0.0,0.0,0.0,0.0,0.0,0.0,0.0,0.0,0.0,0.0,0.0,0.0,0.0,0.0,0.0,0.0,0.0,0.0,0.0,0.0,0.0,0.0,0.0,0.0,0.0,0.0,0.0,0.0,0.0,0.0,0.0,0.0,0.0
